Row ID,Order ID,Order Date,Ship Date,Ship Mode,Customer ID,Customer Name,Segment,Country,City,State,Postal Code,Region,Product ID,Category,Sub-Category,Product Name,Sales,Quantity,Discount,Profit
401,CA-2016-108987,9/8/2016,9/10/2016,Second Class,AG-10675,Anna Gayman,Consumer,United States,Houston,Texas,77036,Central,OFF-ST-10000934,Office Supplies,Storage,"Contico 72""H Heavy-Duty Storage System",131.136,4,0.2,-32.784
402,CA-2016-108987,9/8/2016,9/10/2016,Second Class,AG-10675,Anna Gayman,Consumer,United States,Houston,Texas,77036,Central,TEC-AC-10000158,Technology,Accessories,Sony 64GB Class 10 Micro SDHC R40 Memory Card,57.584,2,0.2,0.7198
403,CA-2014-113166,12/24/2014,12/26/2014,First Class,LF-17185,Luke Foster,Consumer,United States,Miami,Florida,33180,South,OFF-PA-10001947,Office Supplies,Paper,Xerox 1974,9.568,2,0.2,3.4684
404,CA-2014-155208,4/16/2014,4/20/2014,Standard Class,SP-20650,Stephanie Phelps,Corporate,United States,Wilmington,North Carolina,28403,South,OFF-AR-10003478,Office Supplies,Art,"Avery Hi-Liter EverBold Pen Style Fluorescent Highlighters, 4/Pack",39.072,6,0.2,9.768
405,CA-2017-117933,12/24/2017,12/29/2017,Standard Class,RF-19840,Roy Französisch,Consumer,United States,New York City,New York,10024,East,OFF-AP-10004249,Office Supplies,Appliances,Staple holder,35.91,3,0,9.6957
406,CA-2017-117457,12/8/2017,12/12/2017,Standard Class,KH-16510,Keith Herrera,Consumer,United States,San Francisco,California,94110,West,TEC-AC-10000158,Technology,Accessories,Sony 64GB Class 10 Micro SDHC R40 Memory Card,179.95,5,0,37.7895
407,CA-2017-117457,12/8/2017,12/12/2017,Standard Class,KH-16510,Keith Herrera,Consumer,United States,San Francisco,California,94110,West,TEC-CO-10004115,Technology,Copiers,Sharp AL-1530CS Digital Copier,1199.976,3,0.2,434.9913
408,CA-2017-117457,12/8/2017,12/12/2017,Standard Class,KH-16510,Keith Herrera,Consumer,United States,San Francisco,California,94110,West,OFF-PA-10003724,Office Supplies,Paper,"Wirebound Message Book, 4 per Page",27.15,5,0,13.3035
409,CA-2017-117457,12/8/2017,12/12/2017,Standard Class,KH-16510,Keith Herrera,Consumer,United States,San Francisco,California,94110,West,FUR-TA-10002041,Furniture,Tables,"Bevis Round Conference Table Top, X-Base",1004.024,7,0.2,-112.9527
410,CA-2017-117457,12/8/2017,12/12/2017,Standard Class,KH-16510,Keith Herrera,Consumer,United States,San Francisco,California,94110,West,OFF-PA-10002893,Office Supplies,Paper,"Wirebound Service Call Books, 5 1/2"" x 4""",9.68,1,0,4.6464
411,CA-2017-117457,12/8/2017,12/12/2017,Standard Class,KH-16510,Keith Herrera,Consumer,United States,San Francisco,California,94110,West,OFF-LA-10003766,Office Supplies,Labels,Self-Adhesive Removable Labels,28.35,9,0,13.608
412,CA-2017-117457,12/8/2017,12/12/2017,Standard Class,KH-16510,Keith Herrera,Consumer,United States,San Francisco,California,94110,West,OFF-PA-10001970,Office Supplies,Paper,Xerox 1908,55.98,1,0,27.4302
413,CA-2017-117457,12/8/2017,12/12/2017,Standard Class,KH-16510,Keith Herrera,Consumer,United States,San Francisco,California,94110,West,FUR-BO-10001972,Furniture,Bookcases,O'Sullivan 4-Shelf Bookcase in Odessa Pine,1336.829,13,0.15,31.4548
414,CA-2017-117457,12/8/2017,12/12/2017,Standard Class,KH-16510,Keith Herrera,Consumer,United States,San Francisco,California,94110,West,FUR-CH-10003956,Furniture,Chairs,Novimex High-Tech Fabric Mesh Task Chair,113.568,2,0.2,-18.4548
415,CA-2017-142636,11/3/2017,11/7/2017,Standard Class,KC-16675,Kimberly Carter,Corporate,United States,Seattle,Washington,98105,West,OFF-PA-10000157,Office Supplies,Paper,Xerox 191,139.86,7,0,65.7342
416,CA-2017-142636,11/3/2017,11/7/2017,Standard Class,KC-16675,Kimberly Carter,Corporate,United States,Seattle,Washington,98105,West,FUR-CH-10001891,Furniture,Chairs,Global Deluxe Office Fabric Chairs,307.136,4,0.2,26.8744
417,CA-2017-122105,6/24/2017,6/28/2017,Standard Class,CJ-12010,Caroline Jumper,Consumer,United States,Huntington Beach,California,92646,West,OFF-AR-10004344,Office Supplies,Art,Bulldog Vacuum Base Pencil Sharpener,95.92,8,0,25.8984
418,CA-2016-148796,4/14/2016,4/18/2016,Standard Class,PB-19150,Philip Brown,Consumer,United States,Los Angeles,California,90004,West,FUR-CH-10004886,Furniture,Chairs,Bevis Steel Folding Chairs,383.8,5,0.2,38.38
419,CA-2017-154816,11/6/2017,11/10/2017,Standard Class,VB-21745,Victoria Brennan,Corporate,United States,Richmond,Kentucky,40475,South,OFF-PA-10003845,Office Supplies,Paper,Xerox 1987,5.78,1,0,2.8322
420,CA-2017-110478,3/4/2017,3/9/2017,Standard Class,SP-20860,Sung Pak,Corporate,United States,Los Angeles,California,90045,West,OFF-AR-10001573,Office Supplies,Art,American Pencil,9.32,4,0,2.7028
421,CA-2017-110478,3/4/2017,3/9/2017,Standard Class,SP-20860,Sung Pak,Corporate,United States,Los Angeles,California,90045,West,OFF-EN-10000483,Office Supplies,Envelopes,"White Envelopes, White Envelopes with Clear Poly Window",15.25,1,0,7.015
422,CA-2014-142048,6/22/2014,6/25/2014,First Class,JE-15745,Joel Eaton,Consumer,United States,Louisville,Colorado,80027,West,TEC-AC-10004114,Technology,Accessories,KeyTronic 6101 Series - Keyboard - Black,196.752,6,0.2,56.5662
423,CA-2017-125388,10/19/2017,10/23/2017,Standard Class,MP-17965,Michael Paige,Corporate,United States,Lawrence,Massachusetts,1841,East,FUR-FU-10004712,Furniture,Furnishings,"Westinghouse Mesh Shade Clip-On Gooseneck Lamp, Black",56.56,4,0,14.7056
424,CA-2017-125388,10/19/2017,10/23/2017,Standard Class,MP-17965,Michael Paige,Corporate,United States,Lawrence,Massachusetts,1841,East,OFF-ST-10000918,Office Supplies,Storage,Crate-A-Files,32.7,3,0,8.502
425,CA-2017-155705,8/21/2017,8/23/2017,Second Class,NF-18385,Natalie Fritzler,Consumer,United States,Jackson,Mississippi,39212,South,FUR-CH-10000015,Furniture,Chairs,Hon Multipurpose Stacking Arm Chairs,866.4,4,0,225.264
426,CA-2017-149160,11/23/2017,11/26/2017,Second Class,JM-15265,Janet Molinari,Corporate,United States,Canton,Michigan,48187,Central,FUR-FU-10003347,Furniture,Furnishings,Coloredge Poster Frame,28.4,2,0,11.076
427,CA-2017-149160,11/23/2017,11/26/2017,Second Class,JM-15265,Janet Molinari,Corporate,United States,Canton,Michigan,48187,Central,OFF-BI-10001543,Office Supplies,Binders,GBC VeloBinder Manual Binding System,287.92,8,0,138.2016
428,CA-2014-101476,9/12/2014,9/13/2014,First Class,SD-20485,Shirley Daniels,Home Office,United States,New Rochelle,New York,10801,East,TEC-MA-10000029,Technology,Machines,"Epson WorkForce WF-2530 All-in-One Printer, Copier Scanner",69.99,1,0,30.0957
429,CA-2017-152275,10/1/2017,10/8/2017,Standard Class,KH-16630,Ken Heidel,Corporate,United States,San Antonio,Texas,78207,Central,OFF-AR-10000369,Office Supplies,Art,Design Ebony Sketching Pencil,6.672,6,0.2,0.5004
430,US-2016-123750,4/15/2016,4/21/2016,Standard Class,RB-19795,Ross Baird,Home Office,United States,Gastonia,North Carolina,28052,South,OFF-BI-10004584,Office Supplies,Binders,GBC ProClick 150 Presentation Binding System,189.588,2,0.7,-145.3508
431,US-2016-123750,4/15/2016,4/21/2016,Standard Class,RB-19795,Ross Baird,Home Office,United States,Gastonia,North Carolina,28052,South,TEC-AC-10004659,Technology,Accessories,Imation Secure+ Hardware Encrypted USB 2.0 Flash Drive; 16GB,408.744,7,0.2,76.6395
432,US-2016-123750,4/15/2016,4/21/2016,Standard Class,RB-19795,Ross Baird,Home Office,United States,Gastonia,North Carolina,28052,South,TEC-AC-10004659,Technology,Accessories,Imation Secure+ Hardware Encrypted USB 2.0 Flash Drive; 16GB,291.96,5,0.2,54.7425
433,US-2016-123750,4/15/2016,4/21/2016,Standard Class,RB-19795,Ross Baird,Home Office,United States,Gastonia,North Carolina,28052,South,OFF-ST-10000617,Office Supplies,Storage,Woodgrain Magazine Files by Perma,4.768,2,0.2,-0.7748
434,CA-2016-127369,6/6/2016,6/7/2016,First Class,DB-13060,Dave Brooks,Consumer,United States,Lowell,Massachusetts,1852,East,OFF-ST-10003306,Office Supplies,Storage,Letter Size Cart,714.3,5,0,207.147
435,US-2014-150574,12/19/2014,12/25/2014,Standard Class,MK-18160,Mike Kennedy,Consumer,United States,Jacksonville,Florida,32216,South,OFF-BI-10000773,Office Supplies,Binders,Insertable Tab Post Binder Dividers,4.812,2,0.7,-3.6892
436,US-2014-150574,12/19/2014,12/25/2014,Standard Class,MK-18160,Mike Kennedy,Consumer,United States,Jacksonville,Florida,32216,South,TEC-AC-10002600,Technology,Accessories,Belkin QODE FastFit Bluetooth Keyboard,247.8,5,0.2,-18.585
437,CA-2016-147375,6/12/2016,6/14/2016,Second Class,PO-19180,Philisse Overcash,Home Office,United States,Chicago,Illinois,60623,Central,TEC-MA-10002937,Technology,Machines,"Canon Color ImageCLASS MF8580Cdw Wireless Laser All-In-One Printer, Copier, Scanner",1007.979,3,0.3,43.1991
438,CA-2016-147375,6/12/2016,6/14/2016,Second Class,PO-19180,Philisse Overcash,Home Office,United States,Chicago,Illinois,60623,Central,OFF-PA-10001970,Office Supplies,Paper,Xerox 1908,313.488,7,0.2,113.6394
439,CA-2017-130043,9/15/2017,9/19/2017,Standard Class,BB-11545,Brenda Bowman,Corporate,United States,Houston,Texas,77070,Central,OFF-PA-10002230,Office Supplies,Paper,Xerox 1897,31.872,8,0.2,11.5536
440,CA-2017-157252,1/20/2017,1/23/2017,Second Class,CV-12805,Cynthia Voltz,Corporate,United States,New York City,New York,10024,East,FUR-CH-10003396,Furniture,Chairs,Global Deluxe Steno Chair,207.846,3,0.1,2.3094
441,CA-2016-115756,9/5/2016,9/7/2016,Second Class,PK-19075,Pete Kriz,Consumer,United States,Detroit,Michigan,48227,Central,FUR-FU-10000246,Furniture,Furnishings,Aluminum Document Frame,12.22,1,0,3.666
442,CA-2016-115756,9/5/2016,9/7/2016,Second Class,PK-19075,Pete Kriz,Consumer,United States,Detroit,Michigan,48227,Central,OFF-ST-10000060,Office Supplies,Storage,Fellowes Bankers Box Staxonsteel Drawer File/Stacking System,194.94,3,0,23.3928
443,CA-2016-115756,9/5/2016,9/7/2016,Second Class,PK-19075,Pete Kriz,Consumer,United States,Detroit,Michigan,48227,Central,OFF-ST-10003058,Office Supplies,Storage,Eldon Mobile Mega Data Cart  Mega Stackable  Add-On Trays,70.95,3,0,20.5755
444,CA-2016-115756,9/5/2016,9/7/2016,Second Class,PK-19075,Pete Kriz,Consumer,United States,Detroit,Michigan,48227,Central,OFF-PA-10002222,Office Supplies,Paper,"Xerox Color Copier Paper, 11"" x 17"", Ream",91.36,4,0,42.0256
445,CA-2016-115756,9/5/2016,9/7/2016,Second Class,PK-19075,Pete Kriz,Consumer,United States,Detroit,Michigan,48227,Central,FUR-CH-10002372,Furniture,Chairs,Office Star - Ergonomically Designed Knee Chair,242.94,3,0,29.1528
446,CA-2016-115756,9/5/2016,9/7/2016,Second Class,PK-19075,Pete Kriz,Consumer,United States,Detroit,Michigan,48227,Central,OFF-LA-10001317,Office Supplies,Labels,Avery 520,22.05,7,0,10.584
447,CA-2017-154214,3/20/2017,3/25/2017,Second Class,TB-21595,Troy Blackwell,Consumer,United States,Columbus,Indiana,47201,Central,FUR-FU-10000206,Furniture,Furnishings,"GE General Purpose, Extra Long Life, Showcase & Floodlight Incandescent Bulbs",2.91,1,0,1.3677
448,CA-2016-166674,4/1/2016,4/3/2016,Second Class,RB-19360,Raymond Buch,Consumer,United States,Auburn,New York,13021,East,OFF-AR-10000588,Office Supplies,Art,Newell 345,59.52,3,0,15.4752
449,CA-2016-166674,4/1/2016,4/3/2016,Second Class,RB-19360,Raymond Buch,Consumer,United States,Auburn,New York,13021,East,OFF-ST-10001469,Office Supplies,Storage,Fellowes Bankers Box Recycled Super Stor/Drawer,161.94,3,0,9.7164
450,CA-2016-166674,4/1/2016,4/3/2016,Second Class,RB-19360,Raymond Buch,Consumer,United States,Auburn,New York,13021,East,OFF-AR-10001953,Office Supplies,Art,Boston 1645 Deluxe Heavier-Duty Electric Pencil Sharpener,263.88,6,0,71.2476
451,CA-2016-166674,4/1/2016,4/3/2016,Second Class,RB-19360,Raymond Buch,Consumer,United States,Auburn,New York,13021,East,OFF-AR-10003156,Office Supplies,Art,50 Colored Long Pencils,30.48,3,0,7.9248
452,CA-2016-166674,4/1/2016,4/3/2016,Second Class,RB-19360,Raymond Buch,Consumer,United States,Auburn,New York,13021,East,OFF-AR-10004974,Office Supplies,Art,Newell 342,9.84,3,0,2.8536
453,CA-2016-166674,4/1/2016,4/3/2016,Second Class,RB-19360,Raymond Buch,Consumer,United States,Auburn,New York,13021,East,TEC-PH-10002365,Technology,Phones,Belkin Grip Candy Sheer Case / Cover for iPhone 5 and 5S,35.12,4,0,9.1312
454,CA-2017-147277,10/20/2017,10/24/2017,Standard Class,EB-13705,Ed Braxton,Corporate,United States,Akron,Ohio,44312,East,FUR-TA-10001539,Furniture,Tables,Chromcraft Rectangular Conference Tables,284.364,2,0.4,-75.8304
455,CA-2017-147277,10/20/2017,10/24/2017,Standard Class,EB-13705,Ed Braxton,Corporate,United States,Akron,Ohio,44312,East,OFF-ST-10000142,Office Supplies,Storage,Deluxe Rollaway Locking File with Drawer,665.408,2,0.2,66.5408
456,CA-2016-100153,12/13/2016,12/17/2016,Standard Class,KH-16630,Ken Heidel,Corporate,United States,Norman,Oklahoma,73071,Central,TEC-AC-10001772,Technology,Accessories,Memorex Mini Travel Drive 16 GB USB 2.0 Flash Drive,63.88,4,0,24.9132
457,US-2014-110674,2/12/2014,2/18/2014,Standard Class,SC-20095,Sanjit Chand,Consumer,United States,Concord,California,94521,West,FUR-CH-10000225,Furniture,Chairs,"Global Geo Office Task Chair, Gray",129.568,2,0.2,-24.294
458,US-2016-157945,9/26/2016,10/1/2016,Standard Class,NF-18385,Natalie Fritzler,Consumer,United States,Decatur,Illinois,62521,Central,FUR-CH-10002331,Furniture,Chairs,Hon 4700 Series Mobuis Mid-Back Task Chairs with Adjustable Arms,747.558,3,0.3,-96.1146
459,US-2016-157945,9/26/2016,10/1/2016,Standard Class,NF-18385,Natalie Fritzler,Consumer,United States,Decatur,Illinois,62521,Central,OFF-EN-10001415,Office Supplies,Envelopes,Staple envelope,8.928,2,0.2,3.348
460,CA-2015-109638,12/15/2015,12/22/2015,Standard Class,JH-15985,Joseph Holt,Consumer,United States,Seattle,Washington,98115,West,OFF-AP-10002472,Office Supplies,Appliances,3M Office Air Cleaner,103.92,4,0,36.372
461,CA-2015-109638,12/15/2015,12/22/2015,Standard Class,JH-15985,Joseph Holt,Consumer,United States,Seattle,Washington,98115,West,TEC-AC-10004571,Technology,Accessories,Logitech G700s Rechargeable Gaming Mouse,899.91,9,0,377.9622
462,CA-2015-109638,12/15/2015,12/22/2015,Standard Class,JH-15985,Joseph Holt,Consumer,United States,Seattle,Washington,98115,West,OFF-BI-10001098,Office Supplies,Binders,Acco D-Ring Binder w/DublLock,51.312,3,0.2,18.6006
463,CA-2016-109869,4/22/2016,4/29/2016,Standard Class,TN-21040,Tanja Norvell,Home Office,United States,Phoenix,Arizona,85023,West,FUR-FU-10000023,Furniture,Furnishings,Eldon Wave Desk Accessories,23.56,5,0.2,7.068
464,CA-2016-109869,4/22/2016,4/29/2016,Standard Class,TN-21040,Tanja Norvell,Home Office,United States,Phoenix,Arizona,85023,West,FUR-TA-10001889,Furniture,Tables,Bush Advantage Collection Racetrack Conference Table,1272.63,6,0.5,-814.4832
465,CA-2016-109869,4/22/2016,4/29/2016,Standard Class,TN-21040,Tanja Norvell,Home Office,United States,Phoenix,Arizona,85023,West,OFF-BI-10000315,Office Supplies,Binders,Poly Designer Cover & Back,28.485,5,0.7,-20.889
466,CA-2016-109869,4/22/2016,4/29/2016,Standard Class,TN-21040,Tanja Norvell,Home Office,United States,Phoenix,Arizona,85023,West,OFF-SU-10003505,Office Supplies,Supplies,Premier Electric Letter Opener,185.376,2,0.2,-34.758
467,CA-2016-109869,4/22/2016,4/29/2016,Standard Class,TN-21040,Tanja Norvell,Home Office,United States,Phoenix,Arizona,85023,West,OFF-AP-10002578,Office Supplies,Appliances,"Fellowes Premier Superior Surge Suppressor, 10-Outlet, With Phone and Remote",78.272,2,0.2,5.8704
468,US-2015-101399,1/17/2015,1/24/2015,Standard Class,JS-15940,Joni Sundaresam,Home Office,United States,Park Ridge,Illinois,60068,Central,FUR-FU-10002918,Furniture,Furnishings,Eldon ClusterMat Chair Mat with Cordless Antistatic Protection,254.744,7,0.6,-312.0614
469,CA-2017-154907,3/31/2017,4/4/2017,Standard Class,DS-13180,David Smith,Corporate,United States,Amarillo,Texas,79109,Central,FUR-BO-10002824,Furniture,Bookcases,Bush Mission Pointe Library,205.3328,2,0.32,-36.2352
470,US-2016-100419,12/16/2016,12/20/2016,Second Class,CC-12670,Craig Carreira,Consumer,United States,Chicago,Illinois,60610,Central,OFF-BI-10002194,Office Supplies,Binders,Cardinal Hold-It CD Pocket,4.788,3,0.8,-7.9002
471,CA-2015-154144,12/20/2015,12/24/2015,Standard Class,MH-17785,Maya Herman,Corporate,United States,Lindenhurst,New York,11757,East,OFF-PA-10004071,Office Supplies,Paper,"Eaton Premium Continuous-Feed Paper, 25% Cotton, Letter Size, White, 1000 Shts/Box",55.48,1,0,26.6304
472,CA-2014-144666,11/9/2014,11/11/2014,Second Class,JP-15520,Jeremy Pistek,Consumer,United States,San Francisco,California,94110,West,OFF-ST-10002743,Office Supplies,Storage,SAFCO Boltless Steel Shelving,340.92,3,0,3.4092
473,CA-2014-144666,11/9/2014,11/11/2014,Second Class,JP-15520,Jeremy Pistek,Consumer,United States,San Francisco,California,94110,West,FUR-BO-10001601,Furniture,Bookcases,"Sauder Mission Library with Doors, Fruitwood Finish",222.666,2,0.15,10.4784
474,CA-2014-144666,11/9/2014,11/11/2014,Second Class,JP-15520,Jeremy Pistek,Consumer,United States,San Francisco,California,94110,West,TEC-PH-10002680,Technology,Phones,Samsung Galaxy Note 3,703.968,4,0.2,87.996
475,CA-2014-144666,11/9/2014,11/11/2014,Second Class,JP-15520,Jeremy Pistek,Consumer,United States,San Francisco,California,94110,West,OFF-ST-10001321,Office Supplies,Storage,"Decoflex Hanging Personal Folder File, Blue",92.52,6,0,24.9804
476,CA-2014-144666,11/9/2014,11/11/2014,Second Class,JP-15520,Jeremy Pistek,Consumer,United States,San Francisco,California,94110,West,OFF-PA-10001509,Office Supplies,Paper,"Recycled Desk Saver Line ""While You Were Out"" Book, 5 1/2"" X 4""",62.65,7,0,28.819
477,CA-2014-144666,11/9/2014,11/11/2014,Second Class,JP-15520,Jeremy Pistek,Consumer,United States,San Francisco,California,94110,West,OFF-PA-10003465,Office Supplies,Paper,Xerox 1912,94.85,5,0,45.528
478,CA-2016-103891,7/12/2016,7/19/2016,Standard Class,KH-16690,Kristen Hastings,Corporate,United States,Los Angeles,California,90008,West,TEC-PH-10000149,Technology,Phones,Cisco SPA525G2 IP Phone - Wireless,95.76,6,0.2,7.182
479,CA-2016-152632,10/27/2016,11/2/2016,Standard Class,JE-15475,Jeremy Ellison,Consumer,United States,Troy,New York,12180,East,FUR-FU-10002671,Furniture,Furnishings,Electrix 20W Halogen Replacement Bulb for Zoom-In Desk Lamp,40.2,3,0,19.296
480,CA-2016-100790,6/26/2016,7/2/2016,Standard Class,JG-15805,John Grady,Corporate,United States,New York City,New York,10024,East,OFF-AR-10003045,Office Supplies,Art,Prang Colored Pencils,14.7,5,0,6.615
481,CA-2016-100790,6/26/2016,7/2/2016,Standard Class,JG-15805,John Grady,Corporate,United States,New York City,New York,10024,East,OFF-ST-10000689,Office Supplies,Storage,"Fellowes Strictly Business Drawer File, Letter/Legal Size",704.25,5,0,84.51
482,CA-2014-134677,10/6/2014,10/10/2014,Standard Class,XP-21865,Xylona Preis,Consumer,United States,San Diego,California,92024,West,TEC-AC-10001445,Technology,Accessories,Imation USB 2.0 Swivel Flash Drive USB flash drive - 4 GB - Pink,9.09,3,0,1.9089
483,CA-2014-127691,7/22/2014,7/27/2014,Standard Class,EM-14065,Erin Mull,Consumer,United States,New York City,New York,10024,East,OFF-AR-10002053,Office Supplies,Art,"Premium Writing Pencils, Soft, #2 by Central Association for the Blind",5.96,2,0,1.6688
484,CA-2014-127691,7/22/2014,7/27/2014,Standard Class,EM-14065,Erin Mull,Consumer,United States,New York City,New York,10024,East,TEC-AC-10002567,Technology,Accessories,Logitech G602 Wireless Gaming Mouse,159.98,2,0,57.5928
485,CA-2017-140963,6/10/2017,6/13/2017,First Class,MT-18070,Michelle Tran,Home Office,United States,Los Angeles,California,90045,West,OFF-LA-10003923,Office Supplies,Labels,Alphabetical Labels for Top Tab Filing,29.6,2,0,14.8
486,CA-2017-140963,6/10/2017,6/13/2017,First Class,MT-18070,Michelle Tran,Home Office,United States,Los Angeles,California,90045,West,FUR-BO-10001337,Furniture,Bookcases,O'Sullivan Living Dimensions 2-Shelf Bookcases,514.165,5,0.15,-30.245
487,CA-2017-140963,6/10/2017,6/13/2017,First Class,MT-18070,Michelle Tran,Home Office,United States,Los Angeles,California,90045,West,TEC-PH-10001924,Technology,Phones,iHome FM Clock Radio with Lightning Dock,279.96,5,0.2,17.4975
488,CA-2014-154627,10/29/2014,10/31/2014,First Class,SA-20830,Sue Ann Reed,Consumer,United States,Chicago,Illinois,60610,Central,TEC-PH-10001363,Technology,Phones,Apple iPhone 5S,2735.952,6,0.2,341.994
489,CA-2014-133753,6/9/2014,6/13/2014,Second Class,CW-11905,Carl Weiss,Home Office,United States,Huntsville,Texas,77340,Central,TEC-PH-10000376,Technology,Phones,Square Credit Card Reader,7.992,1,0.2,0.5994
490,CA-2014-133753,6/9/2014,6/13/2014,Second Class,CW-11905,Carl Weiss,Home Office,United States,Huntsville,Texas,77340,Central,TEC-AC-10000303,Technology,Accessories,Logitech M510 Wireless Mouse,63.984,2,0.2,10.3974
491,CA-2014-133753,6/9/2014,6/13/2014,Second Class,CW-11905,Carl Weiss,Home Office,United States,Huntsville,Texas,77340,Central,OFF-AR-10001953,Office Supplies,Art,Boston 1645 Deluxe Heavier-Duty Electric Pencil Sharpener,70.368,2,0.2,6.1572
492,CA-2014-113362,9/14/2014,9/19/2014,Standard Class,AJ-10960,Astrea Jones,Consumer,United States,Rochester,New York,14609,East,OFF-ST-10001809,Office Supplies,Storage,Fellowes Officeware Wire Shelving,449.15,5,0,8.983
493,CA-2014-113362,9/14/2014,9/19/2014,Standard Class,AJ-10960,Astrea Jones,Consumer,United States,Rochester,New York,14609,East,OFF-EN-10003845,Office Supplies,Envelopes,Colored Envelopes,11.07,3,0,5.0922
494,CA-2016-169166,5/9/2016,5/14/2016,Standard Class,SS-20590,Sonia Sunley,Consumer,United States,Seattle,Washington,98115,West,TEC-AC-10000991,Technology,Accessories,Sony Micro Vault Click 8 GB USB 2.0 Flash Drive,93.98,2,0,13.1572
495,US-2016-120929,3/18/2016,3/21/2016,Second Class,RO-19780,Rose O'Brian,Consumer,United States,Memphis,Tennessee,38109,South,FUR-TA-10001857,Furniture,Tables,Balt Solid Wood Rectangular Table,189.882,3,0.4,-94.941
496,CA-2015-134782,12/27/2015,12/31/2015,Standard Class,MD-17350,Maribeth Dona,Consumer,United States,Fayetteville,Arkansas,72701,South,OFF-EN-10001434,Office Supplies,Envelopes,"Strathmore #10 Envelopes, Ultimate White",105.42,2,0,51.6558
497,CA-2016-126158,7/25/2016,7/31/2016,Standard Class,SC-20095,Sanjit Chand,Consumer,United States,Costa Mesa,California,92627,West,OFF-BI-10002498,Office Supplies,Binders,Clear Mylar Reinforcing Strips,119.616,8,0.2,40.3704
498,CA-2016-126158,7/25/2016,7/31/2016,Standard Class,SC-20095,Sanjit Chand,Consumer,United States,Costa Mesa,California,92627,West,FUR-FU-10004864,Furniture,Furnishings,"Howard Miller 14-1/2"" Diameter Chrome Round Wall Clock",255.76,4,0,81.8432
499,CA-2016-126158,7/25/2016,7/31/2016,Standard Class,SC-20095,Sanjit Chand,Consumer,United States,Costa Mesa,California,92627,West,FUR-CH-10002602,Furniture,Chairs,DMI Arturo Collection Mission-style Design Wood Chair,241.568,2,0.2,18.1176
500,CA-2016-126158,7/25/2016,7/31/2016,Standard Class,SC-20095,Sanjit Chand,Consumer,United States,Costa Mesa,California,92627,West,FUR-FU-10000073,Furniture,Furnishings,Deflect-O Glasstique Clear Desk Accessories,69.3,9,0,22.869
